<?xml version='1.0'?><rss version='2.0'><channel><title>Naslovna</title><description>Naslovna</description><item><title>stipe</title><description>400</description><link>http://localhost/Projekt_Kviz3/user/naslovna.php</link></item><item><title>snte</title><description>679</description><link>http://localhost/Projekt_Kviz3/user/naslovna.php</link></item><item><title>jure</title><description>12</description><link>http://localhost/Projekt_Kviz3/user/naslovna.php</link></item><item><title>aaaa</title><description>6</description><link>http://localhost/Projekt_Kviz3/user/naslovna.php</link></item><item><title>aaaa</title><description>6</description><link>http://localhost/Projekt_Kviz3/user/naslovna.php</link></item><item><title>aaaa</title><description>6</description><link>http://localhost/Projekt_Kviz3/user/naslovna.php</link></item><item><title>aaaa</title><description>6</description><link>http://localhost/Projekt_Kviz3/user/naslovna.php</link></item><item><title>aaaa</title><description>6</description><link>http://localhost/Projekt_Kviz3/user/naslovna.php</link></item><item><title>toni123</title><description>9</description><link>http://localhost/Projekt_Kviz3/user/naslovna.php</link></item><item><title>aaaa</title><description>5</description><link>http://localhost/Projekt_Kviz3/user/naslovna.php</link></item><item><title>toni123</title><description>6</description><link>http://localhost/Projekt_Kviz3/user/naslovna.php</link></item><item><title>toni123</title><description>7</description><link>http://localhost/Projekt_Kviz3/user/naslovna.php</link></item><item><title>toni123</title><description>4</description><link>http://localhost/Projekt_Kviz3/user/naslovna.php</link></item></channel></rss>